category,Vendor_Count,Total_Spend,Avg_Spend,Avg_Satisfaction,Savings_Opportunity
Academic Software,5,193634,38726.8,4.2,38726.8
Cloud Services,5,182994,36598.8,3.86,36598.8
Enterprise Software,5,679285,135857.0,4.0,135857.0
IT Services,5,505212,101042.4,3.78,101042.40000000001
Infrastructure,5,221465,44293.0,4.22,44293.0
Productivity,5,177276,35455.2,3.76,35455.200000000004
Security,5,243594,48718.8,4.18,48718.8
Specialized,5,119112,23822.4,3.92,23822.4
